{
  "n_estimators": 617,
  "max_depth": 24,
  "learning_rate": 0.013602790208250504,
  "subsample": 0.7242759193570336,
  "colsample_bytree": 0.8705896994294207,
  "reg_lambda": 6.713557067679584,
  "reg_alpha": 9.36039504060225,
  "min_child_weight": 1.8293393484099065e-07,
  "gamma": 0.9606215022994369
}